Model,RMSE,MAE,R2
XGBoost,46.498849796552996,4.120636386452012,0.9677593882431172
