Model,RMSE,MAE,R2
NeuralNetwork,270.78399442718137,120.81579494877877,-0.09336416075342036
