Model,RMSE,MAE,R2
NeuralNetwork,261.85836429529814,115.96127799439793,-0.14189922398740507
