Model,RMSE,MAE,R2
XGBoost,34.38582525386941,5.4625121147767635,0.980309634399354
