feature_level,mae,rmse,r2
1,117.84256614473873,226.80040795695757,0.26718894352460554
2,117.98281688535944,227.02065375907907,0.2657649873030493
3,36.7881988344903,83.44546921778743,0.900800411059305
4,36.65407826822762,78.08007758941444,0.9131470002379192
