feature_level,mae,rmse,r2
1,117.84256614473873,226.80040795695757,0.26718894352460554
2,115.93047994868195,211.23071093047568,0.2746722846709806
3,29.165084185413363,54.1951835086584,0.9522535009064516
4,36.65407826822762,78.08007758941444,0.9131470002379193
